cui	label	ispref	sab	tty	semantic_type	field	why	specialty	context_any	block_any
C0877453	Acute cellular rejection	Y	MTH	PT	Finding	condition	UMLS concept exists but is excluded from the active biomedicine label index because its MRSTY type is Organ or Tissue Function; clinically this should be findable as a transplant rejection finding.
C0525032	INR	Y	MTH	AB	Finding	lab	A short clinical acronym for international normalized ratio is important in anticoagulation notes and can be missed by short-token suppression.
C1718209	PHQ-9	Y	MTH	AB	Finding	assessment	A short clinical acronym for Patient Health Questionnaire-9 should resolve to the existing score/finding CUI.
C0202691	Head CT	Y	MTH	AB	Diagnostic Procedure	procedure	Common clinical shorthand for computed tomography of head should resolve to the existing head CT procedure CUI.
C0344351	Gluten-free diet	Y	MTH	PT	Therapeutic or Preventive Procedure	procedure	Diet therapy is clinically central in celiac paragraphs and should remain findable from exact wording.
C0009421	Coma	Y	MTH	PT	Disease or Syndrome	condition	Coma is a clinically important single-token condition that can be hidden by zero-evidence single-token suppression.
C0011991	Diarrhea	Y	MTH	PT	Sign or Symptom	finding	Diarrhea is a clinically important single-token symptom that can be hidden by zero-evidence single-token suppression.
C3640037	Retinal examination	Y	MTH	PT	Diagnostic Procedure	procedure	Retinal examination is a clinically important ophthalmology procedure that should remain findable from exact wording.
C0030794	Pelvic pain	Y	MTH	PT	Sign or Symptom	finding	Pelvic pain is a central exact symptom in PID and ectopic-pregnancy paragraphs and should remain findable from exact wording.
C0042109	Urticaria	Y	MTH	PT	Disease or Syndrome	condition	Urticaria is a central exact finding in anaphylaxis paragraphs and should remain findable from exact wording.
C0043144	Wheezing	Y	MTH	PT	Sign or Symptom	finding	Wheezing is a central exact symptom in anaphylaxis and asthma paragraphs and should remain findable from exact wording.
C0013428	Dysuria	Y	MTH	PT	Sign or Symptom	finding	Dysuria is an explicit urinary symptom in UTI and pyelonephritis paragraphs and should remain visible alongside infection, culture, organism, and antibiotic concepts.	urology	dysuria|urinary|urine|pyelonephritis|urinalysis|nitrites|pyuria|flank pain	
C0040822	Tremor	Y	MTH	PT	Sign or Symptom	finding	Tremor is an explicit neurologic and withdrawal symptom that should remain visible alongside alcohol withdrawal, seizure, hallucinations, and Parkinson disease concepts.	neurology	tremor|tremors|withdrawal|seizure|hallucinations|delirium tremens|parkinson|bradykinesia|resting	
C0036572	Seizure	Y	MTH	PT	Sign or Symptom	finding	Seizure is an explicit neurologic and withdrawal symptom that should remain visible alongside alcohol withdrawal, tremor, hallucinations, lorazepam, and delirium tremens concepts.	neurology	seizure|seizures|convulsion|convulsions|withdrawal|lorazepam|delirium tremens|alcohol|epilepsy	
C0079304	Endoscopy	Y	MTH	PT	Diagnostic Procedure	procedure	Clinical notes often use endoscopy as shorthand for upper endoscopy/EGD, and it should remain findable from exact wording.
C0202110	Ketones	Y	MTH	PT	Laboratory Procedure	lab	Ketones is a central exact laboratory anchor in DKA paragraphs and should resolve to ketone body measurement.
C2098283	urine culture grew Escherichia coli	Y	MTH	PT	Laboratory or Test Result	lab	The pyelonephritis paragraph states this result as natural language rather than the compact UMLS label.
C0521654	neurologic deficit	Y	MTH	PT	Finding	finding	Neurologic deficit is an exact broad finding that should remain visible alongside the more specific local persistent neurologic deficit concept.
C0751295	memory loss	Y	MTH	PT	Finding	finding	Memory loss is an explicit cognitive finding in Alzheimer and dementia paragraphs and should remain visible instead of being displaced by generic memory-observation concepts.	neurology	memory loss|dementia|alzheimer|cognitive|neurology|mini mental|mmse	
C1456868	foot ulcer	Y	MTH	PT	Disease or Syndrome	condition	Diabetic foot paragraphs often state foot ulcer before later diabetes qualifiers; the existing diabetic foot ulcer CUI should stay visible.
C0406317	plaque psoriasis	Y	MTH	PT	Disease or Syndrome	condition	Plaque psoriasis is an exact clinical subtype phrase that should not be hidden behind generic psoriasis.
C0032914	preeclampsia	Y	MTH	PT	Disease or Syndrome	condition	Preeclampsia is a common obstetric diagnosis that should remain visible alongside severe hypertension, proteinuria, magnesium sulfate, labetalol, and delivery planning.	obstetrics	preeclampsia|proteinuria|severe hypertension|severe range blood pressure|magnesium sulfate|labetalol|pregnancy	
C0020461	hyperkalemia	Y	MTH	PT	Pathologic Function	condition	Hyperkalemia is a central electrolyte disorder in ECG, dialysis, kidney-injury, and medication-hold paragraphs and should not be displaced by individual electrolyte ingredients.	nephrology	hyperkalemia|peaked t waves|calcium gluconate|sodium zirconium cyclosilicate|hemodialysis|lisinopril|potassium	
C0002978	angiography	Y	MTH	PT	Diagnostic Procedure	procedure	Angiography is a central vascular diagnostic procedure in acute limb ischemia and coronary/aortic contexts and should remain visible from exact wording.	radiology	angiography|vascular surgery|acute limb ischemia|thrombectomy|heparin|coronary|aortic	
C0917801	suicidal ideation	Y	MTH	PT	Mental Process	finding	Suicidal ideation is an explicit behavioral-health finding that should remain visible in depression and safety-risk paragraphs.	psychiatry	suicidal ideation|suicidal thoughts|major depressive disorder|depression|phq-9|sertraline	
C2242990	cardiothoracic surgery	Y	MTH	PT	Therapeutic or Preventive Procedure	procedure	Cardiothoracic surgery is an exact service/procedure phrase in aortic-dissection repair planning and should remain visible alongside CTA and medication stabilization.	cardiology	cardiothoracic surgery|aortic dissection|cta|computed tomography angiography|esmolol|nicardipine|repair	
C0034108	pulse oximetry	Y	MTH	PT	Diagnostic Procedure	procedure	Pulse oximetry is an exact respiratory monitoring procedure in asthma and oxygen-saturation paragraphs and should remain visible alongside albuterol, prednisone, and wheezing.	pulmonology	pulse oximetry|oxygen saturation|asthma|wheezing|albuterol|prednisone|nebulizer	
C0001617	corticosteroids	Y	MTH	PT	Pharmacologic Substance	drug	Corticosteroids is a common drug-class phrase in asthma, COPD, migraine, colitis, and immune-toxicity paragraphs and should resolve to the broad steroid class rather than only route-specific variants.	pharmacology	corticosteroids|corticosteroid|asthma|copd|migraine|colitis|prednisone|immune mediated	
C0007561	ceftriaxone	Y	MTH	PN	Pharmacologic Substance	drug	Exact ceftriaxone mentions should remain visible in cellulitis, pyelonephritis, sepsis, and antibiotic-associated diarrhea paragraphs.	infectious disease	ceftriaxone|cellulitis|pyelonephritis|sepsis|clostridioides difficile|antibiotic associated diarrhea	
C0014834	Escherichia coli	Y	MTH	PN	Bacterium	organism	The pyelonephritis paragraph explicitly names Escherichia coli and should retain the organism CUI alongside the culture-result CUI.
C0430404	urine culture	Y	MTH	PT	Laboratory Procedure	lab	Urine culture is an explicit lab procedure phrase that should remain visible alongside the composed culture-result concept.
C0025222	melena	Y	MTH	PN	Finding	finding	Melena is an explicit GI bleeding finding and should remain visible with hematemesis and gastric ulcer.
C0149871	deep vein thrombosis	Y	MTH	PN	Disease or Syndrome	condition	Deep vein thrombosis is an exact VTE phrase and should remain visible alongside the local acute DVT concept.
C0202115	lactate	Y	MTH	SY	Laboratory Procedure	lab	Clinical sepsis paragraphs often say lactate monitoring when the target is lactate measurement.
C0683369	confused	Y	MTH	SY	Finding	finding	Confused is an explicit mental-status finding and should resolve to clouded consciousness when used as a patient state.
C0201975	rising creatinine	Y	MTH	SY	Laboratory Procedure	lab	Rising creatinine is a common shorthand for creatinine measurement in transplant and kidney paragraphs without overriding albumin creatinine ratio.
C0392201	blood glucose	Y	MTH	PT	Laboratory Procedure	lab	Blood glucose is an explicit measurement phrase that should remain visible in DKA and hypoglycemia paragraphs.
C0392201	fasting glucose	N	MTH	SY	Laboratory Procedure	lab	Fasting glucose is common clinical shorthand for the blood glucose measurement concept in gestational diabetes and endocrine paragraphs.	endocrinology	fasting glucose|gestational diabetes|glucose	
C0037473	sodium	Y	MTH	PN	Element, Ion, or Isotope	lab	Sodium is an explicit electrolyte anchor in hyponatremia paragraphs and should not be lost as a chemistry concept.
C0004626	bacterial pneumonia	Y	MTH	PT	Disease or Syndrome	condition	Bacterial pneumonia is an explicit infection diagnosis and should remain visible when sepsis is also present.
C0152277	incision and drainage	Y	MTH	PT	Therapeutic or Preventive Procedure	procedure	Incision and drainage is an explicit abscess treatment procedure and should remain visible.
C0003611	laparoscopic appendectomy	Y	MTH	SY	Therapeutic or Preventive Procedure	procedure	Laparoscopic appendectomy should roll up to the existing appendectomy procedure CUI in appendicitis paragraphs.
C0189896	right heart catheterization	Y	MTH	PT	Diagnostic Procedure	procedure	Right heart catheterization is an explicit specific cardiac procedure in pulmonary hypertension paragraphs and should outrank generic cardiac catheterization.
C0001339	acute pancreatitis	Y	MTH	PT	Disease or Syndrome	condition	Acute pancreatitis is an exact diagnosis phrase that should not be hidden behind generic pancreatitis.
C0017601	glaucoma	Y	MTH	PN	Disease or Syndrome	condition	Glaucoma is an exact diagnosis phrase and should remain visible when intraocular pressure findings rank highly.
C0075632	sumatriptan	Y	MTH	PN	Pharmacologic Substance	drug	Sumatriptan is an explicit migraine drug ingredient and should remain visible with migraine and headache concepts.
C0028351	norepinephrine	Y	MTH	PN	Pharmacologic Substance	drug	Norepinephrine is an explicit vasopressor drug in septic shock paragraphs and should remain visible alongside shock, antibiotics, lactate, and blood culture concepts.	critical care	norepinephrine|noradrenaline|septic shock|vasopressor|icu|shock|lactate	
C4508938	oliceridine fumarate	N	MTH	SY	Pharmacologic Substance	drug_alias	Precise ingredient alias should also resolve to the ingredient-level oliceridine bundle for drug relation roll-up.
C0025598	Glucophage	N	MTH	SY	Pharmacologic Substance	drug_alias	Brand alias should also resolve to the ingredient-level metformin bundle for drug relation roll-up.
C0016860	Lasix	N	MTH	SY	Pharmacologic Substance	drug_alias	Brand alias should also resolve to the ingredient-level furosemide bundle for drug relation roll-up.
C0016860	frusemide	N	MTH	SY	Pharmacologic Substance	drug_alias	Spelling variant should also resolve to the ingredient-level furosemide bundle for drug relation roll-up.
C0042313	Vancocin	N	MTH	SY	Pharmacologic Substance	drug_alias	Brand alias should also resolve to the ingredient-level vancomycin bundle for drug relation roll-up.
C0286651	atorvastatin calcium	N	MTH	SY	Pharmacologic Substance	drug_alias	Precise ingredient alias should also resolve to the ingredient-level atorvastatin bundle for drug relation roll-up.
C0286651	Lipitor	N	MTH	SY	Pharmacologic Substance	drug_alias	Brand alias should also resolve to the ingredient-level atorvastatin bundle for drug relation roll-up.
C0043031	Coumadin	N	MTH	SY	Pharmacologic Substance	drug_alias	Brand alias should also resolve to the ingredient-level warfarin bundle for drug relation roll-up.
C0043031	Jantoven	N	MTH	SY	Pharmacologic Substance	drug_alias	Brand alias should also resolve to the ingredient-level warfarin bundle for drug relation roll-up.
C3885068	Ozempic	N	MTH	SY	Pharmacologic Substance	drug_alias	Brand alias should also resolve to the ingredient-level semaglutide bundle for drug relation roll-up.
C3885068	Wegovy	N	MTH	SY	Pharmacologic Substance	drug_alias	Brand alias should also resolve to the ingredient-level semaglutide bundle for drug relation roll-up.
C3885068	Rybelsus	N	MTH	SY	Pharmacologic Substance	drug_alias	Brand alias should also resolve to the ingredient-level semaglutide bundle for drug relation roll-up.
C0075632	sumatriptan succinate	N	MTH	SY	Pharmacologic Substance	drug_alias	Precise ingredient alias should also resolve to the ingredient-level sumatriptan bundle for drug relation roll-up.
C0075632	Imitrex	N	MTH	SY	Pharmacologic Substance	drug_alias	Brand alias should also resolve to the ingredient-level sumatriptan bundle for drug relation roll-up.
C3839346	HFrEF	N	MTH	AB	Disease or Syndrome	condition	Cardiology abbreviation for heart failure with reduced ejection fraction should resolve when cardiac context is present.	cardiology	heart failure|ejection fraction|reduced ejection fraction|orthopnea|furosemide	
C4255010	NSTEMI	N	MTH	AB	Disease or Syndrome	condition	Cardiology abbreviation for non-ST elevation myocardial infarction should resolve in coronary ischemia contexts.	cardiology	myocardial infarction|troponin|ischemia|coronary|pci|heparin|angiography	
C0011880	DKA	N	MTH	AB	Disease or Syndrome	condition	Endocrine abbreviation for diabetic ketoacidosis should resolve when diabetes, ketone, acidosis, glucose, or insulin context is present.	endocrinology	diabetes|diabetic|ketones|acidosis|glucose|insulin	
C0003873	RA	N	MTH	AB	Disease or Syndrome	condition	Rheumatology abbreviation for rheumatoid arthritis should resolve only when inflammatory arthritis context is present.	rheumatology	rheumatoid|arthritis|synovitis|joint|methotrexate|rheumatology	right atrium|right atrial|room air
C0026769	MS	N	MTH	AB	Disease or Syndrome	condition	Neurology abbreviation for multiple sclerosis should resolve only when demyelinating neurologic context is present.	neurology	multiple sclerosis|optic neuritis|demyelinating|paresthesia|methylprednisolone|neurology	mitral stenosis|morphine sulfate|mass spectrometry
C0242172	PID	N	MTH	AB	Disease or Syndrome	condition	Gynecology abbreviation for pelvic inflammatory disease should resolve when pelvic infection context is present.	gynecology	pelvic|adnexal|doxycycline|ceftriaxone|tubo ovarian|gynecology	
C0042487	VTE	N	MTH	AB	Disease or Syndrome	condition	Hematology abbreviation for venous thromboembolism should resolve when thrombosis, DVT, PE, or anticoagulation context is present.	hematology	thrombosis|thromboembolism|dvt|pulmonary embolism|anticoagulation|apixaban|warfarin	
C0004238	AFib	N	MTH	AB	Disease or Syndrome	condition	Cardiology shorthand for atrial fibrillation should resolve in rhythm, rate-control, anticoagulation, or cardioversion contexts.	cardiology	atrial|fibrillation|rate control|metoprolol|warfarin|cardioversion	
C0004238	a fib	N	MTH	SY	Disease or Syndrome	condition	Spaced shorthand for atrial fibrillation should resolve in rhythm, rate-control, anticoagulation, or cardioversion contexts.	cardiology	atrial|fibrillation|rate control|metoprolol|warfarin|cardioversion	
C0011860	T2DM	N	MTH	AB	Disease or Syndrome	condition	Endocrine abbreviation for type 2 diabetes mellitus should resolve in diabetes and glycemic contexts.	endocrinology	diabetes|glycemic|hba1c|metformin|glucose	
C0024117	COPD	N	MTH	AB	Disease or Syndrome	condition	Pulmonary abbreviation for chronic obstructive pulmonary disease should resolve in obstructive lung disease contexts.	pulmonology	dyspnea|wheezing|spirometry|obstruction|prednisone|azithromycin|exacerbation	
C0007787	TIA	N	MTH	AB	Disease or Syndrome	condition	Neurology abbreviation for transient ischemic attack should resolve in stroke-like neurologic deficit contexts.	neurology	transient ischemic|stroke|neurologic|aphasia|carotid	
C1536220	STEMI	N	MTH	AB	Disease or Syndrome	condition	Cardiology abbreviation for ST elevation myocardial infarction should resolve in coronary ischemia contexts without leaking into non-ST elevation mentions.	cardiology	myocardial infarction|st elevation|st segment|troponin|coronary|pci|heparin|angiography	non-st|nstemi
C1536105	CTA	N	MTH	AB	Diagnostic Procedure	procedure	Common clinical abbreviation for computed tomography angiography should resolve in vascular and pulmonary embolism search contexts.	radiology	angiography|aortic dissection|pulmonary embolism|cta|computed tomography|vascular|chest pain	
C0007131	NSCLC	N	MTH	AB	Neoplastic Process	condition	Oncology abbreviation for non-small cell lung cancer should resolve when lung cancer treatment or staging context is present.	oncology	lung cancer|non small cell|egfr|osimertinib|platinum|brain metastases|oncology	
C1561643	CKD	N	MTH	AB	Disease or Syndrome	condition	Nephrology abbreviation for chronic kidney disease should resolve in renal function, creatinine, eGFR, or albuminuria contexts.	nephrology	kidney|renal|egfr|creatinine|albuminuria|nephrology	
C0042029	UTI	N	MTH	AB	Disease or Syndrome	condition	Infectious disease abbreviation for urinary tract infection should resolve in urinary symptom, culture, or antibiotic contexts.	infectious disease	urinary|urine|dysuria|pyelonephritis|culture|nitrofurantoin|ceftriaxone	
C0024485	MRI	N	MTH	AB	Diagnostic Procedure	procedure	Radiology abbreviation for magnetic resonance imaging should resolve when imaging anatomy, infarct, lesion, or osteomyelitis context is present.	radiology	brain|spine|foot|magnetic resonance|infarct|osteomyelitis|lesion|imaging	
C0085207	GDM	N	MTH	AB	Disease or Syndrome	condition	Obstetric abbreviation for gestational diabetes mellitus should resolve in pregnancy and glucose screening contexts.	obstetrics	gestational|pregnancy|pregnant|obstetric|glucose	
C0024141	SLE	N	MTH	AB	Disease or Syndrome	condition	Rheumatology abbreviation for systemic lupus erythematosus should resolve in lupus, nephritis, proteinuria, or hydroxychloroquine contexts.	rheumatology	lupus|proteinuria|nephritis|hydroxychloroquine|rheumatology	
C0011854	T1DM	N	MTH	AB	Disease or Syndrome	condition	Endocrine abbreviation for type 1 diabetes mellitus should resolve in diabetes, insulin, glucose, and ketoacidosis contexts.	endocrinology	diabetes|insulin|glucose|ketoacidosis|type 1	
C3888846	HHS	N	MTH	AB	Disease or Syndrome	condition	Endocrine abbreviation for hyperosmolar hyperglycemic state should resolve in hyperosmolar diabetes and severe hyperglycemia contexts.	endocrinology	hyperosmolar|hyperglycemic|glucose|dehydration|diabetes	
C0018932	BRBPR	N	MTH	AB	Finding	finding	Gastroenterology abbreviation for bright red blood per rectum should resolve in rectal bleeding and hematochezia contexts.	gastroenterology	rectum|rectal|blood|bleeding|hematochezia|gastrointestinal	
C0041909	UGIB	N	MTH	AB	Disease or Syndrome	condition	Gastroenterology abbreviation for upper gastrointestinal bleeding should resolve in hematemesis, melena, endoscopy, gastric ulcer, NSAID, or transfusion contexts.	gastroenterology	upper gastrointestinal|hematemesis|melena|endoscopy|gastric ulcer|nsaid|transfusion	
C0010201	chronic cough	Y	MTH	PT	Disease or Syndrome	condition	UMLS API comparison showed the exact chronic cough phrase being displaced by broad cough, so this canonical label should stay findable.	pulmonology	chronic cough|cough|pulmonology	
C0018808	heart murmur	Y	MTH	PT	Sign or Symptom	finding	UMLS API comparison showed the exact heart murmur phrase being displaced by broad heart anatomy, so this cardiac finding should stay findable.	cardiology	heart murmur|murmur|auscultation|cardiology	
C0018820	heart sounds	Y	MTH	PT	Finding	finding	UMLS API comparison uses the generic heart sounds concept for this exact physical-exam phrase, so the canonical label should stay findable.	cardiology	heart sounds|auscultation|cardiology	
C0011860	type 2 diabetes	Y	MTH	PT	Disease or Syndrome	condition	UMLS API comparison showed plain type 2 diabetes being displaced by broader or alternate diabetes concepts, so this canonical phrase should resolve directly.	endocrinology	type 2 diabetes|diabetes|glycemic|hba1c|metformin|glucose	
C0008031	chest pain	Y	MTH	PT	Sign or Symptom	finding	UMLS API comparison showed the canonical chest pain CUI being displaced by alternate chest-pain rows, so this exact symptom should stay findable.	cardiology	chest pain|cardiology|emergency|myocardial infarction	
C1948143	transportation barriers	Y	MTH	SY	Finding	context	Plural social-risk wording should resolve to transportation barrier in cost and access-to-care searches.	social care	transportation barrier|transportation barriers|cost|missed|nonadherence|case management|homelessness|food insecurity	
C1332828	CYP2C19	Y	MTH	AB	Gene or Genome	gene	Common pharmacogenomic gene shorthand should resolve to the CYP2C19 gene concept in clopidogrel and poor-metabolizer contexts.	pharmacogenomics	cyp2c19|clopidogrel|poor metabolizer|ticagrelor|pharmacogenomic|pci	
NEW8955984	recurrent ischemic events	N	MTH	SY	Pathologic Function	condition	Common research endpoint wording should resolve to the local recurrent ischemia concept in cardiology pharmacogenomic and PCI contexts.	cardiology	recurrent ischemic|ischemic events|ischemia|pci|clopidogrel|ticagrelor|myocardial infarction|coronary	limb ischemia|mesenteric ischemia|bowel ischemia
NEW8955984	recurrent ischemia	Y	MTH	PT	Pathologic Function	condition	Exact cardiology wording should resolve to the local recurrent ischemia concept when the paragraph explicitly mentions recurrent ischemia.	cardiology	recurrent ischemia|ischemia|pci|heparin|myocardial infarction|coronary	
NEW3560835	bibasilar crackles	Y	MTH	PT	Finding	finding	Promoted local heart failure finding should remain retrievable when the phrase bibasilar crackles is explicit in clinical text.	cardiology	bibasilar crackles|crackles|heart failure|orthopnea|furosemide|edema	
NEW3009171	right heart strain	Y	MTH	PT	Pathologic Function	condition	Promoted local pulmonary embolism complication should remain retrievable when right heart strain is explicit.	pulmonology	right heart strain|pulmonary embolism|computed tomography angiography|ct angiography|echocardiogram|dvt|apixaban	
NEW1692186	poorly controlled type 2 diabetes mellitus	Y	MTH	PT	Clinical Concept	condition	Promoted local diabetes severity concept should remain retrievable from exact poorly controlled type 2 diabetes wording.	endocrinology	poorly controlled type 2 diabetes|type 2 diabetes|hemoglobin a1c|a1c|diabetes	
NEW1037705	diabetic foot osteomyelitis	Y	MTH	PT	Clinical Concept	condition	Promoted local diabetic foot infection concept should remain retrievable when diabetic foot osteomyelitis is explicitly stated.	infectious disease	diabetic foot osteomyelitis|foot ulcer|exposed bone|bone biopsy|vancomycin|soft tissue infection	
NEW8007735	exposed bone	Y	MTH	PT	Finding	finding	Promoted local wound finding should remain retrievable when exposed bone appears in diabetic foot or osteomyelitis text.	wound care	exposed bone|diabetic foot|osteomyelitis|foot ulcer|bone biopsy	
NEW6052703	epileptiform discharges	Y	MTH	PT	Finding	finding	Promoted local EEG finding should remain retrievable when epileptiform discharges are explicitly described.	neurology	epileptiform discharges|epileptiform|electroencephalogram|eeg|seizure|levetiracetam|postictal	
NEW0984835	suppressed TSH	Y	MTH	PT	Finding	lab	Promoted local thyroid laboratory finding should remain retrievable when suppressed TSH is explicitly stated.	endocrinology	suppressed tsh|thyrotoxicosis|thyroid|methimazole|free thyroxine|tsh	
NEW4386596	silvery scale	Y	MTH	PT	Finding	finding	Promoted local psoriasis morphology finding should remain retrievable when silvery scale is explicitly stated.	dermatology	silvery scale|plaque psoriasis|psoriasis|erythematous plaques|extensor surfaces	
NEW9797321	joint erosion	Y	MTH	PT	Pathologic Function	condition	Promoted local arthritis complication should remain retrievable when joint erosion is explicitly stated.	rheumatology	joint erosion|psoriatic arthritis|plaque psoriasis|arthritis|radiograph	
NEW8060753	persistent neurologic deficit	Y	MTH	PT	Pathologic Function	condition	Promoted local stroke outcome concept should remain retrievable when persistent neurologic deficit is explicitly stated.	neurology	persistent neurologic deficit|neurologic deficit|acute infarct|stroke|facial droop|brain mri|mca	
NEW4840890	acute deep vein thrombosis	Y	MTH	PT	Clinical Concept	condition	Promoted local acute DVT concept should remain retrievable when acute deep vein thrombosis is explicitly stated.	hematology	acute deep vein thrombosis|deep vein thrombosis|dvt|venous duplex|apixaban|pulmonary embolism	
C0019693	HIV	Y	MTH	AB	Disease or Syndrome	condition	Common abbreviation for human immunodeficiency virus infection should resolve in antiviral, viral load, CD4, and abacavir contexts.	infectious disease	hiv|abacavir|viral load|cd4|tenofovir|pneumocystis	
C0349645	pacemaker pocket infection	Y	MTH	SY	Disease or Syndrome	condition	Common device-infection wording should resolve to infected pacemaker when pacemaker pocket and infection are explicit.	cardiology	pacemaker|pocket infection|lead vegetation|device removal|vancomycin|transesophageal	
C1654909	HPV test	Y	MTH	AB	Diagnostic Procedure	lab	Common screening abbreviation should resolve to human papillomavirus test in cervical cancer screening contexts.	gynecology	hpv|human papillomavirus|pap smear|cervical cancer screening|screening	
C0572025	Acetaminophen overdose	Y	MTH	PT	Injury or Poisoning	condition	Toxicology paragraphs should keep exact acetaminophen overdose visible instead of only generic overdose and acetaminophen components.	toxicology	acetaminophen|overdose|toxicology|transaminases|acetylcysteine	
C0031765	Phototherapy	Y	MTH	PT	Therapeutic or Preventive Procedure	procedure	Neonatal jaundice paragraphs should keep phototherapy visible as the explicit bilirubin-lowering treatment concept.	neonatology	jaundice|bilirubin|hyperbilirubinemia|newborn|neonatal	
C0518988	Dental abscess	Y	MTH	PT	Disease or Syndrome	condition	Dental abscess is an exact oral infection concept and should beat generic abscess or toothache component matches.	dentistry	dental|tooth|abscess|facial swelling|amoxicillin	
C0150866	Skin biopsy	Y	MTH	PT	Diagnostic Procedure	procedure	Skin biopsy is an explicit dermatology diagnostic procedure and should remain visible in melanoma paragraphs.	dermatology	skin|biopsy|melanoma|lesion|dermatology	
C0796693	Sentinel lymph node biopsy	Y	MTH	PT	Diagnostic Procedure	procedure	Specific sentinel lymph node biopsy should beat separated lymph-node and biopsy component matches in oncology paragraphs.	oncology	sentinel|lymph node|biopsy|melanoma|oncology	
C3264621	ivacaftor	Y	MTH	PN	Pharmacologic Substance	drug	Cystic fibrosis drug mentions should keep ivacaftor visible as an exact ingredient and treatment anchor.	pulmonology	cystic fibrosis|ivacaftor|mutation|sweat chloride|pancreatic	
C0009199	Cochlear implant	Y	MTH	PT	Medical Device	procedure	Cochlear implant should remain visible as the implant concept in audiology referrals, not only assessment or procedure concepts.	audiology	cochlear|implant|hearing loss|audiometry|hearing aid	
C0748470	sacral pressure ulcer	Y	MTH	PT	Disease or Syndrome	condition	Specific sacral pressure ulcer phrasing should resolve to sacral ulcer when pressure ulcer site is explicit.	wound care	sacral|pressure ulcer|wound|debridement|necrotic	
C0032952	prednisone	Y	MTH	PN	Organic Chemical	drug	Prednisone should remain visible as an exact drug anchor in autoimmune and inflammatory treatment paragraphs.	hepatology	prednisone|autoimmune|hepatitis|antibody|transaminases	
C4721555	Autoimmune hepatitis	Y	MTH	PT	Disease or Syndrome	condition	Autoimmune hepatitis should outrank generic hepatitis concepts when the exact autoimmune liver disease phrase is present.	hepatology	autoimmune|hepatitis|antinuclear|smooth muscle antibody|prednisone|transaminases	
C0204854	aspirated	N	MTH	SY	Therapeutic or Preventive Procedure	procedure	Context-gated orthopedic shorthand for joint aspiration should resolve to joint aspiration in synovial culture notes.	orthopedics	orthopedic|orthopedics|knee|synovial|arthroplasty|joint|prosthetic	respiratory|airway|pneumonia|foreign body|aspiration pneumonia
C0003211	nonsteroidal anti-inflammatories	Y	MTH	PT	Pharmacologic Substance	drug	Common clinical plural wording should resolve to NSAIDs rather than only the broader anti-inflammatory agents concept.	neurology	nonsteroidal anti-inflammatory|nonsteroidal anti-inflammatories|nsaid|nsaids|migraine|pain	
C0265012	ruptured abdominal aortic aneurysm	Y	MTH	PT	Disease or Syndrome	condition	Exact ruptured AAA wording should outrank broader aneurysm and aortic aneurysm concepts in vascular emergency searches.	vascular surgery	ruptured abdominal aortic aneurysm|abdominal aortic aneurysm rupture|aaa rupture|evar|hypotension	
C0271429	acute otitis media	Y	MTH	PT	Disease or Syndrome	condition	Exact acute otitis media wording should outrank broader otitis media in pediatric ear pain and antibiotic searches.	pediatrics	acute otitis media|otitis media|ear pain|otalgia|tympanic membrane|amoxicillin|fever	
C0578159	diarrhea after antibiotic use	Y	MTH	SY	Disease or Syndrome	condition	Common patient-search wording should resolve to antibiotic-associated diarrhea instead of unrelated antibiotic procedures or drug classes.	infectious disease	diarrhea|diarrhoea|watery diarrhea|antibiotic|antibiotics|recent antibiotic use	
C0578159	watery diarrhea after antibiotic use	Y	MTH	SY	Disease or Syndrome	condition	Common patient-search wording should resolve to antibiotic-associated diarrhea when watery diarrhea follows recent antibiotic exposure.	infectious disease	watery diarrhea|diarrhea|diarrhoea|antibiotic|antibiotics|recent antibiotic use	
C0578159	watery diarrhea after recent antibiotic use	Y	MTH	SY	Disease or Syndrome	condition	Common patient-search wording with an intervening recent modifier should resolve to antibiotic-associated diarrhea.	infectious disease	watery diarrhea|diarrhea|diarrhoea|antibiotic|antibiotics|recent antibiotic use	
C0429774	post void residual	Y	MTH	SY	Finding	finding	Common urology shorthand should resolve to residual urine volume in urinary retention and BPH contexts.	urology	post void residual|residual urine|urinary retention|bladder scan|bph|tamsulosin	
C2882221	acute pulmonary embolism	Y	MTH	PT	Disease or Syndrome	condition	Exact acute pulmonary embolism should remain visible alongside broader pulmonary embolism and VTE concepts.	pulmonology	acute pulmonary embolism|pulmonary embolism|cta|computed tomography angiography|right heart strain|apixaban|dvt	
C0520575	acute pyelonephritis	Y	MTH	PT	Disease or Syndrome	condition	Exact acute pyelonephritis should stay visible when urinary symptoms, culture, and antibiotics support the diagnosis.	infectious disease	acute pyelonephritis|pyelonephritis|flank pain|dysuria|urine culture|ceftriaxone	
C0242845	venous duplex ultrasound	Y	MTH	SY	Diagnostic Procedure	procedure	Clinical VTE notes often say venous duplex ultrasound for the duplex ultrasound procedure.	radiology	venous duplex ultrasound|duplex ultrasound|deep vein thrombosis|dvt|calf swelling	
C0017725	dextrose	Y	MTH	PN	Chemical	drug	Dextrose should resolve to glucose/dextrose when it is given for hypoglycemia treatment.	endocrinology	dextrose|hypoglycemia|blood glucose|insulin|diaphoretic	
C1414313	EGFR mutated	N	MTH	SY	Gene or Genome	gene	Oncology trial wording often says EGFR mutated when the searchable concept needed is the EGFR gene.	oncology	egfr mutated|egfr|non small cell|lung cancer|osimertinib|exon 19|brain metastases	
C0007131	non small cell lung adenocarcinoma	N	MTH	SY	Neoplastic Process	condition	Lung adenocarcinoma with explicit non-small-cell wording should still retrieve the NSCLC concept.	oncology	non small cell lung adenocarcinoma|non small cell|lung adenocarcinoma|egfr|osimertinib|platinum	
C0740304	COPD exacerbation	Y	MTH	PT	Disease or Syndrome	condition	Exact COPD exacerbation should remain visible alongside the broader COPD disease concept and component exacerbation term.	pulmonology	copd exacerbation|copd|chronic obstructive pulmonary disease|dyspnea|wheezing|prednisone|azithromycin	
C0028978	omeprazole	Y	MTH	PN	Pharmacologic Substance	drug	Exact omeprazole mentions should remain visible in GERD and acid-suppression paragraphs.	gastroenterology	omeprazole|gastroesophageal reflux|gerd|barrett|dysphagia|acid suppression	
C0085639	fall	Y	MTH	PN	Finding	finding	Fall should remain visible in fracture and frailty paragraphs when the surrounding context is about injury risk.	geriatrics	hip fracture|femoral neck|older adult|orthopedics|recurrent falls|frailty	
C0243009	CD4 lymphocyte count	Y	MTH	SY	Laboratory Procedure	lab	CD4 lymphocyte count should stay visible in HIV monitoring paragraphs instead of only lymphocyte cell or count components.	infectious disease	cd4 lymphocyte count|cd4 count|hiv|viral load|tenofovir|pneumocystis	
C1510483	fine needle aspiration biopsy	Y	MTH	PT	Diagnostic Procedure	procedure	Specific fine needle aspiration biopsy should beat separated fine-needle and biopsy component matches.	endocrinology	fine needle aspiration biopsy|fine needle biopsy|thyroid nodule|thyroid ultrasound|tsh	
C0344395	bilirubin measurement	Y	MTH	PN	Laboratory Procedure	lab	Bilirubin measurement should remain visible in neonatal jaundice and phototherapy paragraphs.	neonatology	bilirubin measurement|bilirubin|neonatal jaundice|hyperbilirubinemia|phototherapy	
C0191342	wound debridement	Y	MTH	SY	Therapeutic or Preventive Procedure	procedure	Wound debridement should resolve to the procedure concept in pressure-ulcer wound-care paragraphs.	wound care	wound debridement|debridement|pressure ulcer|sacral|necrotic|wound care	
C1280474	diffusing capacity	Y	MTH	SY	Clinical Attribute	lab	Diffusing capacity should remain visible in interstitial lung disease paragraphs as the pulmonary function measurement target.	pulmonology	diffusing capacity|interstitial lung disease|pulmonary fibrosis|honeycombing|pirfenidone	
C0376571	BRCA1	Y	MTH	AB	Gene or Genome	gene	BRCA1 should remain visible in inherited breast and ovarian cancer risk searches.	oncology	brca1|brca2|breast cancer|ovarian cancer|genetic counseling|mastectomy	
C0281182	breast cancer screening	Y	MTH	PT	Diagnostic Procedure	procedure	Breast cancer screening should remain visible in preventive-care paragraphs alongside mammography and cervical screening.	preventive care	breast cancer screening|mammography|preventive care|cervical cancer screening|pap smear|hpv	
C0000970	acetaminophen	Y	MTH	PN	Pharmacologic Substance	drug	Exact acetaminophen mentions should remain visible in migraine and toxicology treatment paragraphs.	pharmacology	acetaminophen|overdose|toxicology|migraine|sumatriptan|magnesium sulfate	
C0012291	dihydroergotamine	Y	MTH	PN	Pharmacologic Substance	drug	Exact dihydroergotamine mentions should remain visible in status migrainosus treatment paragraphs.	neurology	dihydroergotamine|status migrainosus|migraine|sumatriptan|nonsteroidal|magnesium sulfate	
C0338489	status migrainosus	Y	MTH	PT	Disease or Syndrome	condition	Status migrainosus should remain visible in long migraine review paragraphs instead of only generic migraine concepts.	neurology	status migrainosus|migraine|72 hours|sumatriptan|dihydroergotamine|magnesium sulfate	
C4049341	supratherapeutic INR	Y	MTH	PT	Finding	lab	Supratherapeutic INR should remain visible in anticoagulation safety paragraphs with warfarin and epistaxis.	anticoagulation	supratherapeutic inr|inr|warfarin|epistaxis|vitamin k|anticoagulation	
C1265292	methicillin resistant Staphylococcus aureus	Y	MTH	PT	Bacterium	organism	The MRSA organism concept should remain visible when cultures explicitly grow methicillin resistant Staphylococcus aureus.	infectious disease	methicillin resistant staphylococcus aureus|mrsa|blood culture|sepsis|vancomycin	
C3490348	empagliflozin	Y	MTH	PN	Pharmacologic Substance	drug	Exact empagliflozin mentions should remain visible in heart-failure guideline therapy paragraphs.	cardiology	empagliflozin|heart failure|guideline-directed|spironolactone|lisinopril|acute kidney injury	
C0578159	antibiotic associated diarrhea	Y	MTH	PT	Disease or Syndrome	condition	Exact antibiotic associated diarrhea wording should resolve to antibiotic-associated diarrhea in C. difficile searches.	infectious disease	antibiotic associated diarrhea|watery stools|clostridioides difficile|oral vancomycin	
C0024143	lupus nephritis	Y	MTH	PT	Disease or Syndrome	condition	Exact lupus nephritis should remain visible in SLE pregnancy and renal-biopsy paragraphs.	rheumatology	lupus nephritis|systemic lupus erythematosus|proteinuria|renal biopsy|complement c3|double stranded dna	
C0033687	proteinuria	Y	MTH	PN	Finding	finding	Proteinuria should remain visible in lupus nephritis and preeclampsia paragraphs as a central renal finding.	nephrology	proteinuria|lupus nephritis|preeclampsia|renal biopsy|complement c3|blood pressure	
C0872913	tenecteplase	Y	MTH	PN	Pharmacologic Substance	drug	Exact tenecteplase mentions should remain visible in acute stroke treatment paragraphs.	neurology	tenecteplase|acute ischemic stroke|aphasia|large vessel occlusion|thrombectomy|ct angiography	
C1536105	CT angiography	Y	MTH	PT	Diagnostic Procedure	procedure	CT angiography should remain visible in stroke, PE, and vascular paragraphs, not only its CTA abbreviation.	radiology	ct angiography|computed tomography angiography|pulmonary embolism|stroke|large vessel occlusion|aortic dissection	
C4534538	mechanical thrombectomy	Y	MTH	PT	Therapeutic or Preventive Procedure	procedure	Mechanical thrombectomy should remain visible in large-vessel stroke treatment paragraphs.	neurology	mechanical thrombectomy|large vessel occlusion|stroke|tenecteplase|ct angiography|aphasia	
C0199470	mechanical ventilation	Y	MTH	PT	Therapeutic or Preventive Procedure	procedure	Mechanical ventilation should remain visible in ARDS and ICU treatment paragraphs.	critical care	mechanical ventilation|acute respiratory distress syndrome|ards|icu|low tidal volume|prone positioning	
C4551696	prone positioning	Y	MTH	PN	Therapeutic or Preventive Procedure	procedure	Prone positioning should remain visible in ARDS treatment paragraphs rather than only generic positioning.	critical care	prone positioning|prone position|acute respiratory distress syndrome|ards|mechanical ventilation|oxygenation	
C4726677	remdesivir	Y	MTH	PN	Pharmacologic Substance	drug	Exact remdesivir mentions should remain visible in COVID-19 treatment paragraphs.	infectious disease	remdesivir|covid-19|covid|dexamethasone|pneumonia|transaminases	
C0042313	vancomycin	Y	MTH	PN	Pharmacologic Substance	drug	Exact vancomycin mentions should remain visible in MRSA, C. difficile, and sepsis treatment paragraphs.	infectious disease	vancomycin|mrsa|methicillin resistant|clostridioides difficile|sepsis|blood culture	
C0020517	hypersensitivity reaction	Y	MTH	PT	Disease or Syndrome	condition	Hypersensitivity reaction should remain visible in abacavir pharmacogenomic risk paragraphs.	allergy	hypersensitivity reaction|abacavir|hla-b|hiv|pharmacogenomic|screening	
C0070166	clopidogrel	Y	MTH	PN	Pharmacologic Substance	drug	Exact clopidogrel mentions should remain visible in CYP2C19 pharmacogenomic paragraphs.	cardiology	clopidogrel|cyp2c19|poor metabolizer|ticagrelor|percutaneous coronary intervention|stent	
C1532338	percutaneous coronary intervention	Y	MTH	PT	Therapeutic or Preventive Procedure	procedure	The common PCI procedure concept should outrank over-specific PCI variants when the note says percutaneous coronary intervention.	cardiology	percutaneous coronary intervention|pci|stent|stenting|coronary angiography|myocardial infarction	
C1532338	PCI	N	MTH	AB	Therapeutic or Preventive Procedure	procedure	PCI is common cardiology shorthand for percutaneous coronary intervention and should resolve to the core PCI procedure concept in coronary contexts.	cardiology	pci|percutaneous coronary intervention|stent|stenting|coronary angiography|myocardial infarction	
C0663655	abacavir	Y	MTH	PN	Pharmacologic Substance	drug	Exact abacavir mentions should remain visible in HIV pharmacogenomic screening paragraphs.	infectious disease	abacavir|hiv|hla-b|hypersensitivity|pharmacogenomic|screening	
C1999375	ticagrelor	Y	MTH	PN	Pharmacologic Substance	drug	Exact ticagrelor mentions should remain visible in CYP2C19 poor-metabolizer PCI paragraphs.	cardiology	ticagrelor|clopidogrel|cyp2c19|poor metabolizer|pci|stent	
C3845231	poor metabolizer	Y	MTH	PN	Finding	finding	Poor metabolizer should remain visible in pharmacogenomic result paragraphs without treating it as a disease diagnosis.	pharmacogenomics	poor metabolizer|cyp2c19|clopidogrel|ticagrelor|pharmacogenomic|drug response	
C0427055	facial droop	Y	MTH	SY	Sign or Symptom	finding	Facial droop should remain visible as the specific cranial nerve weakness phrase in stroke paragraphs.	neurology	facial droop|facial paresis|stroke|mca|aphasia|weakness	
C0019740	HLA-B27	Y	MTH	AB	Gene or Genome	gene	HLA-B27 should remain visible in ankylosing spondylitis and uveitis paragraphs.	rheumatology	hla-b27|ankylosing spondylitis|sacroiliitis|uveitis|adalimumab	
C1831808	apixaban	Y	MTH	PN	Pharmacologic Substance	drug	Exact apixaban mentions should remain visible in anticoagulation, DVT, PE, and atrial fibrillation paragraphs.	cardiology	apixaban|anticoagulation|atrial fibrillation|deep vein thrombosis|pulmonary embolism	
C0065374	lisinopril	Y	MTH	PN	Pharmacologic Substance	drug	Exact lisinopril mentions should remain visible in heart-failure and kidney-injury medication paragraphs.	cardiology	lisinopril|heart failure|acute kidney injury|creatinine|guideline-directed	
C0034065	pulmonary embolism	Y	MTH	PT	Disease or Syndrome	condition	Pulmonary embolism should remain visible in VTE and cardiopulmonary paragraphs even when the phrase is suspected or ruled out.	pulmonology	pulmonary embolism|pe|cta|ct angiography|deep vein thrombosis|apixaban	
C0220650	brain metastases	Y	MTH	SY	Neoplastic Process	condition	Brain metastases should remain visible in lung cancer oncology paragraphs instead of being split into small-brain and generic metastasis fragments.	oncology	brain metastases|metastases|lung cancer|non small cell|egfr|osimertinib	
C0016860	furosemide	Y	MTH	PN	Pharmacologic Substance	drug	Exact furosemide mentions should remain visible in decompensated heart-failure and kidney-injury medication paragraphs.	cardiology	furosemide|heart failure|decompensated|edema|kidney injury|creatinine	
C0232288	chest pain with exertion	N	MTH	SY	Sign or Symptom	finding	Common patient wording should resolve to exertional chest pain rather than generic chest pain when exertion modifies the symptom.	cardiology	chest pain with exertion|exertion|exertional|worsening with exertion	
C0232288	chest pain worsening with exertion	N	MTH	SY	Sign or Symptom	finding	Clinical notes often state worsening chest pain with exertion; this should resolve to the exertional chest pain concept.	cardiology	chest pain worsening with exertion|worsening with exertion|exertion|exertional	
C0694551	tenderness in lower right abdominal quadrant	N	MTH	SY	Sign or Symptom	finding	Exam wording may describe right-lower-quadrant pain as tenderness in the lower right abdominal quadrant.	gastroenterology	tenderness in lower right abdominal quadrant|lower right abdominal quadrant|right lower quadrant|rlq|appendicitis	
C0694551	lower right abdominal quadrant pain	N	MTH	SY	Sign or Symptom	finding	Patient wording may reverse right-lower-quadrant abdominal pain into lower right abdominal quadrant pain.	gastroenterology	lower right abdominal quadrant pain|lower right abdominal quadrant|right lower quadrant|rlq|appendicitis	
C0694551	right lower quadrant tenderness	N	MTH	SY	Sign or Symptom	finding	Exam shorthand for RLQ tenderness should resolve to right lower quadrant pain rather than the anatomic quadrant.	gastroenterology	right lower quadrant tenderness|right lower quadrant|rlq|appendicitis	
C0746935	medication adherence inconsistent	N	MTH	SY	Finding	finding	Inconsistent adherence wording should resolve to medication nonadherence instead of positive medication adherence or generic unable fragments.	pharmacology	medication adherence inconsistent|inconsistent|unable|recall|missed|poor|forget|forgot|nonadherence|noncompliance	
C0746935	inconsistent medication adherence	N	MTH	SY	Finding	finding	Inconsistent medication adherence is a nonadherence signal and should resolve to the medication nonadherence concept.	pharmacology	inconsistent medication adherence|inconsistent|unable|recall|missed|poor|forget|forgot|nonadherence|noncompliance	
C0746935	poor medication adherence	N	MTH	SY	Finding	finding	Poor medication adherence is a nonadherence signal and should resolve to medication nonadherence, not positive adherence.	pharmacology	poor medication adherence|poor|missed|unable|recall|forget|forgot|nonadherence|noncompliance	
C3266627	normal cranial nerves intact	N	MTH	SY	Finding	finding	Normal neurologic exam wording should resolve to the normal cranial nerves finding rather than only the cranial nerve anatomy concept.	neurology	normal cranial nerves intact|normal cranial nerves|cranial nerves intact|neurological exam|no focal deficits	
C0226213	right MCA territory	N	MTH	SY	Body Part, Organ, or Organ Component	context	Clinical stroke and neuroimaging reports use right MCA territory to refer to the right middle cerebral artery distribution.	neurology	right mca territory|mca territory|middle cerebral artery|stroke|infarct	right ventricular|right atrial|arrhythmogenic
C0226213	right MCA	N	MTH	SY	Body Part, Organ, or Organ Component	context	Right MCA is common clinical shorthand for the right middle cerebral artery in stroke and vascular imaging notes.	neurology	right mca|right mca territory|middle cerebral artery|stroke|infarct|cta	right ventricular|right atrial|arrhythmogenic
C0751849	right MCA infarct	N	MTH	SY	Disease or Syndrome	condition	Right MCA infarct should resolve to the existing right middle cerebral artery infarction concept instead of generic infarct or right-sided anatomy.	neurology	right mca infarct|right middle cerebral artery infarct|acute infarct|stroke|mca territory	right ventricular|right atrial|arrhythmogenic
C0751849	right MCA territory infarct	N	MTH	SY	Disease or Syndrome	condition	Reports often describe a right middle cerebral artery infarction as a right MCA territory infarct.	neurology	right mca territory infarct|right mca territory|acute infarct|stroke|ischemic stroke	right ventricular|right atrial|arrhythmogenic
C0751849	acute infarct in right MCA territory	N	MTH	SY	Disease or Syndrome	condition	Neuroimaging wording acute infarct in right MCA territory should resolve to right middle cerebral artery infarction.	neurology	acute infarct in right mca territory|right mca territory|brain mri|stroke|ischemic stroke	right ventricular|right atrial|arrhythmogenic
C0751849	right MCA territory stroke	N	MTH	SY	Disease or Syndrome	condition	Right MCA territory stroke is a common clinical wording for right middle cerebral artery infarction.	neurology	right mca territory stroke|right mca territory|ischemic stroke|stroke|mca territory	right ventricular|right atrial|arrhythmogenic
C0007806	Cerebrospinal fluid	Y	MTH	PT	Body Substance	lab	Cerebrospinal fluid is a central specimen/body-substance phrase in lumbar puncture, meningitis, and pleocytosis paragraphs and should be findable from exact wording.	neurology	cerebrospinal fluid|lumbar puncture|pleocytosis|meningitis|lymphocytic	
C0007806	CSF	N	MTH	AB	Body Substance	lab	CSF is common clinical shorthand for cerebrospinal fluid and should resolve to the same body-substance concept when supported by lumbar puncture, meningitis, or pleocytosis context.	neurology	cerebrospinal fluid|lumbar puncture|pleocytosis|meningitis|lymphocytic	colony stimulating factor|case report form
C0017163	Gastroenterology	Y	MSH	MH	Biomedical Occupation or Discipline	context	Standalone gastroenterology specialty mentions should remain visible when clinical notes name the service evaluating reflux, dysphagia, endoscopy, or Barrett esophagus.	gastroenterology	gastroenterology|gastroesophageal reflux|dysphagia|endoscopy|barrett|omeprazole	
C0035448	rheumatoid factor	Y	MTH	PT	Immunologic Factor	lab	Rheumatoid factor should remain visible in rheumatoid arthritis paragraphs alongside anti-CCP antibody and methotrexate concepts.	rheumatology	rheumatoid factor|rf|anti ccp|anti cyclic citrullinated|morning stiffness|mcp|rheumatoid arthritis|methotrexate	
C0035448	RF	N	MTH	AB	Immunologic Factor	lab	RF is common rheumatology shorthand for rheumatoid factor when anti-CCP, MCP swelling, or rheumatoid arthritis context is present.	rheumatology	rf|rheumatoid factor|anti ccp|anti cyclic citrullinated|morning stiffness|mcp|rheumatoid arthritis|methotrexate	radiofrequency|right foot|renal failure
C0003243	antinuclear antibodies	Y	MTH	PT	Immunologic Factor	lab	Antinuclear antibodies should remain visible in autoimmune hepatitis and lupus paragraphs instead of being displaced by more generic antibody concepts.	rheumatology	antinuclear antibodies|antinuclear antibody|ana|autoimmune hepatitis|smooth muscle antibody|lupus|preeclampsia|proteinuria	
C1306645	neck radiograph	N	MTH	SY	Diagnostic Procedure	procedure	Croup paragraphs often say neck radiograph instead of plain X-ray, and the imaging target should remain visible with croup and stridor concepts.	pediatrics	neck radiograph|radiograph|croup|stridor|barking cough|fever	
C0013778	cardioversion	Y	MTH	PT	Therapeutic or Preventive Procedure	procedure	Cardioversion is an explicit rhythm-management procedure in atrial fibrillation paragraphs and should remain visible from exact wording.	cardiology	cardioversion|atrial fibrillation|rapid ventricular response|metoprolol|warfarin|inr	
C0011168	dysphagia	Y	MTH	PT	Disease or Syndrome	condition	Dysphagia is an explicit symptom in GERD and Barrett esophagus paragraphs and should remain visible from common clinical wording.	gastroenterology	dysphagia|gastroesophageal reflux|gerd|barrett|endoscopy|omeprazole	
C0221168	podagra	Y	MTH	PT	Disease or Syndrome	condition	Podagra is an explicit gout-at-great-toe phrase and should remain visible alongside gout flare, uric acid, colchicine, and allopurinol.	rheumatology	podagra|gout|uric acid|metatarsophalangeal|colchicine|allopurinol	
C0183518	ureteral stent placement	N	MTH	SY	Therapeutic or Preventive Procedure	procedure	Nephrolithiasis notes often say ureteral stent placement, and this should resolve to the ureteric stent procedure rather than generic stenting.	urology	ureteral stent placement|ureteral stent|ureteric stent|nephrolithiasis|ureteral stone|urology	
C0241984	honeycombing	Y	HPO	SY	Finding	finding	Honeycombing is an explicit interstitial lung disease imaging finding and should remain visible with pulmonary fibrosis and reduced diffusing capacity.	pulmonology	honeycombing|honeycomb lung|interstitial lung disease|pulmonary fibrosis|diffusing capacity|pirfenidone	
C0010200	cough	Y	MTH	PT	Sign or Symptom	finding	Cough is a common explicit respiratory symptom and should remain visible in pulmonary paragraphs when it appears with diagnosis or treatment context, but croup searches should favor the croup diagnosis and stridor findings.	pulmonology	sarcoidosis|asthma|pneumonia|bronchoscopy|prednisone|influenza|myalgia|oseltamivir	
C0038891	surfactant	Y	SNOMEDCT_US	PT	Chemical	drug	Surfactant should remain visible when neonatal respiratory distress paragraphs say surfactant was given.	neonatology	surfactant|respiratory distress syndrome|neonatal respiratory distress|premature newborn|cpap|oxygen saturation	
C0237154	homelessness	Y	MTH	PN	Finding	finding	Homelessness is an explicit social determinant in diabetes and medication-access paragraphs and should remain visible with food insecurity and transportation barriers.	social care	homelessness|housing|food insecurity|transportation barrier|case management|nonadherence	
C3494174	food insecurity	Y	MTH	PN	Finding	finding	Food insecurity is an explicit social determinant in medication-access paragraphs and should remain visible with homelessness and transportation barriers.	social care	food insecurity|homelessness|transportation barrier|case management|nonadherence|diabetic ketoacidosis	
C0085971	case management	Y	MTH	PN	Therapeutic or Preventive Procedure	procedure	Case management is an explicit care coordination action in social-barrier paragraphs and should remain visible with homelessness and food insecurity.	social care	case management|homelessness|food insecurity|transportation barrier|medication nonadherence	
C0281187	cervical cancer screening	Y	NCI	PT	Diagnostic Procedure	procedure	Cervical cancer screening is an explicit preventive-care target and should remain visible alongside breast screening, Pap smear, HPV testing, and colonoscopy.	preventive care	cervical cancer screening|pap smear|human papillomavirus|hpv|preventive care|breast cancer screening	
C0013456	otalgia	Y	MTH	PT	Sign or Symptom	finding	Otalgia is an explicit pediatric ear-pain symptom in acute otitis media paragraphs and should remain visible with fever, tympanic membrane findings, and amoxicillin.	pediatrics	otalgia|ear pain|otitis media|tympanic membrane|amoxicillin|fever	
C0037982	spironolactone	Y	MTH	PN	Pharmacologic Substance	drug	Spironolactone is an exact medication anchor in heart-failure and ascites paragraphs and should remain visible when it is discussed as therapy.	cardiology	spironolactone|heart failure|ascites|cirrhosis|guideline-directed|volume management	
C0024141	systemic lupus erythematosus	Y	MTH	PT	Disease or Syndrome	condition	Systemic lupus erythematosus is the full disease phrase behind SLE and should remain visible in lupus nephritis, pregnancy, and renal-biopsy paragraphs.	rheumatology	systemic lupus erythematosus|lupus|lupus nephritis|proteinuria|complement c3|double stranded dna	
C0149931	migraine attack	N	MTH	SY	Disease or Syndrome	condition	Migraine review paragraphs can say migraine attack while targeting the migraine disorder concept, especially when status migrainosus is also present.	neurology	migraine attack|migraine|status migrainosus|sumatriptan|dihydroergotamine|magnesium sulfate	
C3808875	migraine with or without aura	N	MTH	SY	Finding	condition	Status migrainosus review paragraphs explicitly say migraine with or without aura, and the aggregate concept should remain visible so both aura subtype expectations are represented without broad migraine-only substitution.	neurology	migraine with or without aura|status migrainosus|migraine attack|sumatriptan|dihydroergotamine|magnesium sulfate	visual aura without headache|aura without headache
C1290385	right coronary artery occlusion	Y	MTH	PT	Disease or Syndrome	condition	Coronary intervention paragraphs can state right coronary artery occlusion as the lesion treated by PCI and stent placement.	cardiology	right coronary artery occlusion|coronary occlusion|right coronary|st elevation|troponin|pci|stent placement	
C4728082	severe hypoglycemia	Y	MTH	PT	Finding	finding	Severe hypoglycemia is an exact safety outcome and emergency finding that should remain visible with glucose, insulin, and diabetes concepts.	endocrinology	severe hypoglycemia|hypoglycemia|blood glucose|insulin|dextrose|semaglutide|diabetes	
C0238594	adnexal tenderness	Y	MTH	PT	Finding	finding	Adnexal tenderness is an explicit gynecologic exam finding in pelvic inflammatory disease paragraphs.	gynecology	adnexal tenderness|pelvic inflammatory disease|pelvic pain|doxycycline|tubo ovarian abscess	
C1697878	BK virus nephropathy	Y	MTH	PT	Disease or Syndrome	condition	BK virus nephropathy is the exact transplant infection diagnosis in kidney transplant paragraphs.	nephrology	bk virus nephropathy|bk viral load|kidney transplant|tacrolimus|leflunomide|biopsy	
C1285498	mitral valve vegetation	N	MTH	SY	Finding	finding	Endocarditis paragraphs can state mitral valve vegetation while targeting the vegetation finding CUI.	infectious disease	mitral valve vegetation|vegetation|infective endocarditis|transesophageal echocardiography|staphylococcus aureus|vancomycin	
C4324621	opioid use disorder	Y	MTH	PT	Disease or Syndrome	condition	Opioid use disorder is an exact addiction diagnosis that should remain visible with fentanyl, withdrawal, buprenorphine, and naloxone concepts.	addiction medicine	opioid use disorder|fentanyl|withdrawal|buprenorphine|naloxone|urine drug screen	
C4049535	acute limb ischemia	Y	MTH	PT	Disease or Syndrome	condition	Acute limb ischemia is an exact vascular emergency phrase that should remain visible with cold foot, absent pulses, angiography, heparin, and thrombectomy.	vascular	acute limb ischemia|limb ischemia|cold foot|absent pulses|calf pain|angiography|heparin|thrombectomy	
C0237154	reported homelessness	N	MTH	SY	Finding	finding	Clinical notes often use reported homelessness as local wording for the homelessness social determinant.	social care	reported homelessness|homelessness|housing|food insecurity|transportation barrier|case management|nonadherence	
C1096406	ventriculoperitoneal shunt malfunction	Y	MTH	PT	Disease or Syndrome	condition	VP shunt paragraphs can state ventriculoperitoneal shunt malfunction as the central device complication.	neurosurgery	ventriculoperitoneal shunt malfunction|vp shunt malfunction|shunt malfunction|hydrocephalus|headache|vomiting|neurosurgery	
C0740304	chronic obstructive pulmonary disease exacerbation	Y	MTH	PT	Disease or Syndrome	condition	Chart-review wording often spells out chronic obstructive pulmonary disease exacerbation instead of using the COPD abbreviation.	pulmonology	chronic obstructive pulmonary disease exacerbation|copd exacerbation|dyspnea|prednisone|azithromycin|oxygen saturation	
C3889117	EGFR exon 19 deletion	Y	MTH	PT	Gene or Genome	gene	EGFR exon 19 deletion is an exact oncology mutation phrase that is clinically acceptable for EGFR-targeted lung cancer retrieval.	oncology	egfr exon 19 deletion|egfr|non small cell lung cancer|osimertinib|brain metastases|pd-l1	
C0420187	extrapyramidal symptoms	Y	MTH	PT	Finding	finding	Extrapyramidal symptoms are an exact antipsychotic safety finding in psychiatry medication-monitoring paragraphs.	psychiatry	extrapyramidal symptoms|risperidone|schizophrenia|auditory hallucinations|metabolic monitoring	
C0043031	warfarin	Y	MTH	PN	Pharmacologic Substance	drug	Exact warfarin mentions should outrank stereoisomer or generic anticoagulation fragments in medication-reconciliation and anticoagulation paragraphs.	cardiology	warfarin|inr|anticoagulation|atrial fibrillation|epistaxis|medication reconciliation	
C1550014	Warning	Y	MTH	PT	Qualitative Concept	context	DailyMed warning-section wording uses warning as source-section context; expose it only when a drug-label or serious-bleeding context supports the label, not as a standalone generic result.	drug safety	warfarin|serious bleeding|drug label|DailyMed|boxed warning	
C0883242	mycophenolate	Y	MTH	PN	Pharmacologic Substance	drug	Exact mycophenolate mentions should remain visible in kidney-transplant rejection paragraphs with tacrolimus, prednisone, and biopsy concepts.	nephrology	mycophenolate|kidney transplant|acute cellular rejection|tacrolimus|prednisone|renal biopsy	
C0015846	fentanyl	Y	MTH	PN	Pharmacologic Substance	drug	Exact fentanyl mentions should remain visible in opioid-use-disorder, overdose, withdrawal, and buprenorphine-naloxone paragraphs.	addiction medicine	fentanyl|opioid use disorder|withdrawal|buprenorphine|naloxone|urine drug screen|overdose	
C4763880	endovascular aneurysm repair	Y	MTH	PT	Therapeutic or Preventive Procedure	procedure	Exact endovascular aneurysm repair mentions should remain visible in ruptured abdominal aortic aneurysm paragraphs.	vascular	endovascular aneurysm repair|aneurysm repair|ruptured abdominal aortic aneurysm|vascular surgery|computed tomography	
C0009506	complement C3	Y	MTH	PT	Immunologic Factor	lab	Exact complement C3 mentions should remain visible in lupus-nephritis, lupus-flare, and preeclampsia-differential paragraphs.	rheumatology	complement c3|lupus|lupus nephritis|proteinuria|double stranded dna|preeclampsia	
C0022860	labetalol	Y	MTH	PN	Pharmacologic Substance	drug	Exact labetalol mentions should remain visible in severe-hypertension and preeclampsia paragraphs.	obstetrics	labetalol|preeclampsia|severe hypertension|blood pressure|magnesium sulfate|pregnancy	
C0003537	aphasia	Y	MTH	PT	Sign or Symptom	finding	Exact aphasia mentions should remain visible in stroke paragraphs alongside facial droop, CT angiography, tenecteplase, and thrombectomy.	neurology	aphasia|stroke|ischemic stroke|facial droop|ct angiography|tenecteplase|thrombectomy	
C0202115	lactate monitoring	N	MTH	SY	Laboratory Procedure	lab	ICU notes often say lactate monitoring while targeting the lactic acid measurement concept.	critical care	lactate monitoring|lactate|septic shock|norepinephrine|blood cultures|broad spectrum antibiotics	
C5203670	COVID-19 pneumonia	N	MTH	SY	Disease or Syndrome	condition	COVID ICU paragraphs often say COVID-19 pneumonia while targeting the COVID-19 disease concept.	critical care	covid-19 pneumonia|acute respiratory distress syndrome|mechanical ventilation|remdesivir|septic shock	
C0075632	subcutaneous sumatriptan	N	MTH	SY	Pharmacologic Substance	drug	Migraine reviews may mention subcutaneous sumatriptan while targeting the sumatriptan drug concept.	neurology	subcutaneous sumatriptan|sumatriptan|status migrainosus|migraine|dihydroergotamine|magnesium sulfate	
C0040156	suspected thyrotoxicosis	N	MTH	SY	Disease or Syndrome	condition	Clinical notes often say suspected thyrotoxicosis after suppressed TSH, free thyroxine, tremor, and methimazole context.	endocrinology	suspected thyrotoxicosis|thyrotoxicosis|suppressed tsh|free thyroxine|methimazole|thyroid uptake	
C4049282	suggested croup	N	MTH	SY	Disease or Syndrome	condition	Pediatric notes may say radiograph suggested croup while targeting the croup diagnosis rather than generic cough.	pediatrics	suggested croup|croup|barking cough|inspiratory stridor|neck radiograph|dexamethasone|epinephrine	
C0032987	ectopic pregnancy	Y	MTH	PT	Disease or Syndrome	condition	Exact ectopic pregnancy mentions should remain visible in pregnancy paragraphs with beta-hCG, pelvic ultrasound, and methotrexate.	gynecology	ectopic pregnancy|beta human chorionic gonadotropin|pelvic ultrasound|methotrexate|vaginal bleeding	
C0014175	suspected endometriosis	N	MTH	SY	Disease or Syndrome	condition	Gynecology notes often say suspected endometriosis while the target concept is endometriosis.	gynecology	suspected endometriosis|endometriosis|chronic pelvic pain|dysmenorrhea|diagnostic laparoscopy|peritoneal implants	
C0085149	tacrolimus	Y	MTH	PN	Pharmacologic Substance	drug	Exact tacrolimus mentions should remain visible in transplant rejection paragraphs with trough levels, mycophenolate, prednisone, and renal biopsy.	nephrology	tacrolimus|tacrolimus trough|kidney transplant|acute cellular rejection|mycophenolate|prednisone|renal biopsy	
C4324621	treated opioid use disorder	N	MTH	SY	Disease or Syndrome	condition	Addiction notes can say treated opioid use disorder while targeting the opioid use disorder diagnosis.	addiction medicine	treated opioid use disorder|opioid use disorder|fentanyl|withdrawal symptoms|buprenorphine naloxone|urine drug screen	
C0237154	patient reported homelessness	N	MTH	SY	Finding	finding	Social-barrier notes can say the patient reported homelessness while targeting the homelessness social determinant.	social care	patient reported homelessness|reported homelessness|homelessness|food insecurity|transportation barriers|case management|medication nonadherence	
C0007561	ceftriaxone exposure	N	MTH	SY	Pharmacologic Substance	drug	Long infectious diarrhea notes may mention ceftriaxone exposure as medication history, and the drug should remain visible.	infectious disease	ceftriaxone exposure|ceftriaxone|clindamycin|cellulitis|antibiotic associated diarrhea|clostridioides difficile	
C0559119	family history of breast cancer	Y	MTH	PT	Disease or Syndrome	condition	Exact inherited-risk wording should prefer the specific breast-cancer family-history concept over generic family medical history.	oncology	family history of breast cancer|family history of ovarian cancer|brca1|brca2|genetic counseling|mastectomy|salpingo-oophorectomy	
C0490017	family history of ovarian cancer	Y	MTH	PT	Disease or Syndrome	condition	Exact inherited-risk wording should prefer the specific ovarian-cancer family-history concept over generic family medical history.	oncology	family history of ovarian cancer|family history of breast cancer|brca1|brca2|genetic counseling|mastectomy|salpingo-oophorectomy	
C3161456	line associated infection	N	MTH	SY	Disease or Syndrome	condition	Portal and procedure notes often omit "central" when asking about line-associated infection; prefer the specific central line-associated infection concept over generic infection.	procedures	line associated infection|central line|central venous catheter|catheter placement|venous access	pneumonia|urinary tract infection|skin infection|wound infection
C0012798	water pill	N	MTH	SY	Pharmacologic Substance	drug	Lay medication wording uses water pill for the diuretic drug class and should not drift to literal water, hydrotherapy, or anatomy concepts.	consumer health	water pill|diuretic|fluid pill|blood pressure|swelling|furosemide|lasix	
C0016860	water pill furosemide	N	MTH	SY	Pharmacologic Substance	drug	When lay water-pill wording is paired with furosemide, the concrete medication should be recoverable ahead of the broad diuretic class.	consumer health	water pill furosemide|furosemide water pill|furosemide|lasix	
C0042014	pee test	N	MTH	SY	Laboratory Procedure	lab	Lay urine-test wording should retrieve urinalysis instead of returning no clinical test or only literal urine concepts.	consumer health	pee test|urine test|urinalysis|urine sample|uti|kidney infection	
C0000737	belly pain	N	MTH	SY	Sign or Symptom	finding	Lay belly-pain wording should retrieve abdominal pain rather than generic pain or belly anatomy.	consumer health	belly pain|abdominal pain|stomach pain|abdomen pain|cramps	
C0011849	sugar diabetes	N	MTH	SY	Disease or Syndrome	condition	Lay diabetes wording should map to diabetes mellitus rather than sugar chemicals or unrelated literal sugar concepts.	consumer health	sugar diabetes|diabetes|blood sugar|glucose|a1c|metformin|insulin	
C1623258	heart tracing	N	MTH	SY	Diagnostic Procedure	procedure	Lay ECG wording should retrieve electrocardiography instead of heart anatomy, trachea, or TRAC gene noise.	consumer health	heart tracing|ekg|ecg|electrocardiogram|heart rhythm|chest pain	
C1623258	EKG	N	MTH	AB	Diagnostic Procedure	procedure	Patient and clinical shorthand EKG should retrieve electrocardiography rather than only an ECG-finding or unrelated short-label concept.	consumer health	ekg|ecg|electrocardiogram|heart tracing|heart rhythm|chest pain	
C0009378	colon scope	N	MTH	SY	Diagnostic Procedure	procedure	Lay colon-scope wording should retrieve colonoscopy rather than colon anatomy or unrelated colon devices.	consumer health	colon scope|colonoscopy|colon cancer screening|polyps|rectal bleeding	
C0079304	stomach scope	N	MTH	SY	Diagnostic Procedure	procedure	Lay stomach-scope wording should retrieve upper GI endoscopy or EGD rather than stomach anatomy.	consumer health	stomach scope|upper endoscopy|egd|endoscopy|heartburn|ulcer|stomach pain	
C0003280	blood thinner	N	MTH	SY	Pharmacologic Substance	drug	Lay medication wording uses blood thinner for anticoagulants and should retrieve the drug class for clot-prevention intent.	consumer health	blood thinner|anticoagulant|warfarin|apixaban|rivaroxaban|blood clot|atrial fibrillation	
